section,nom,lien,image,prix,prix_barre,nb_avis,note
Les meilleures ventes,"ARCTIC MX-4 (4 g) - Pâte thermique de haute performance pour tous les processeurs (CPU, GPU - PC, PS4, XBOX), conductivité thermique très élevée, longue durée de vie, application sûre, non-conductrice",https://www.amazon.fr/ARCTIC-MX-4-2019-Refroidisseur-Dissipateur/dp/B07L9BDY3T?ref_=Oct_d_obs_d_427941031_0&pd_rd_w=WHkl2&content-id=amzn1.sym.da7c6a23-4363-4450-bc1d-f959e37bb398&pf_rd_p=da7c6a23-4363-4450-bc1d-f959e37bb398&pf_rd_r=BTGHJV9BJ3JQN7WNZPXK&pd_rd_wg=tkNkZ&pd_rd_r=c4a253a9-244d-4038-82cc-ab6b358bce22&pd_rd_i=B07L9BDY3T,https://m.media-amazon.com/images/I/51fVtU+cDIL._AC_SX679_.jpg,,,93 970,
Les meilleures ventes,"Crucial P3 Plus SSD 1To PCIe Gen4 NVMe M.2 SSD Interne, Jusqu’à 5.000 Mo/s, Compatible avec Ordinateur Portable et de Bureau, Disque Dur SSD - CT1000P3PSSD801",https://www.amazon.fr/Crucial-Plus-PCIe-Gen4-interne/dp/B0BYWB6237?ref_=Oct_d_obs_d_427941031_1&pd_rd_w=WHkl2&content-id=amzn1.sym.da7c6a23-4363-4450-bc1d-f959e37bb398&pf_rd_p=da7c6a23-4363-4450-bc1d-f959e37bb398&pf_rd_r=BTGHJV9BJ3JQN7WNZPXK&pd_rd_wg=tkNkZ&pd_rd_r=c4a253a9-244d-4038-82cc-ab6b358bce22&pd_rd_i=B0BYWB6237,https://m.media-amazon.com/images/I/51xZaoS+Q1L._AC_SX679_.jpg,,,48 308,
Les meilleures ventes,"Toshiba Canvio Partner 1TB Portable 2.5' External Hard Drive, USB 3.2, Compatible Mac & Windows. Xbox, PS4, PS5 (HDTB510EK3AB)",https://www.amazon.fr/Toshiba-Portable-External-Compatible-HDTB510EK3AB/dp/B0BGXWT3GL?ref_=Oct_d_obs_d_427941031_2&pd_rd_w=WHkl2&content-id=amzn1.sym.da7c6a23-4363-4450-bc1d-f959e37bb398&pf_rd_p=da7c6a23-4363-4450-bc1d-f959e37bb398&pf_rd_r=BTGHJV9BJ3JQN7WNZPXK&pd_rd_wg=tkNkZ&pd_rd_r=c4a253a9-244d-4038-82cc-ab6b358bce22&pd_rd_i=B0BGXWT3GL,https://m.media-amazon.com/images/I/81rTu4wYD+L._AC_SX679_.jpg,,"70,71 €",21 581,
Les meilleures ventes,"Samsung SSD Interne 990 EVO Plus, NVMe 2.0 PCIe 4.0 x 4 / 5.0x2, 2 To, Vitesse de lecture jusqu'à 7250 Mo/s, Idéal pour le gaming et la bureautique, MZ-V9S2T0BW",https://www.amazon.fr/Samsung-Interne-Vitesse-bureautique-MZ-V9S2T0BW/dp/B0DGHB9V34?ref_=Oct_d_obs_d_427941031_3&pd_rd_w=WHkl2&content-id=amzn1.sym.da7c6a23-4363-4450-bc1d-f959e37bb398&pf_rd_p=da7c6a23-4363-4450-bc1d-f959e37bb398&pf_rd_r=BTGHJV9BJ3JQN7WNZPXK&pd_rd_wg=tkNkZ&pd_rd_r=c4a253a9-244d-4038-82cc-ab6b358bce22&pd_rd_i=B0DGHB9V34,https://m.media-amazon.com/images/I/71OeLBt2mgL._AC_SX679_.jpg,,"204,99 €",14 161,
Les meilleures ventes,"Crucial P3 Plus SSD 500Go PCIe Gen4 NVMe M.2 SSD Interne, Jusqu’à 4.700Mo/s, Compatible avec Ordinateur Portable et de Bureau, Disque Dur SSD - CT500P3PSSD8",https://www.amazon.fr/Crucial-Plus-500Go-CT500P3PSSD8-Jusqu%C3%A0/dp/B0B25NTRGD?ref_=Oct_d_obs_d_427941031_4&pd_rd_w=WHkl2&content-id=amzn1.sym.da7c6a23-4363-4450-bc1d-f959e37bb398&pf_rd_p=da7c6a23-4363-4450-bc1d-f959e37bb398&pf_rd_r=BTGHJV9BJ3JQN7WNZPXK&pd_rd_wg=tkNkZ&pd_rd_r=c4a253a9-244d-4038-82cc-ab6b358bce22&pd_rd_i=B0B25NTRGD,https://m.media-amazon.com/images/I/51pMg25AthL._AC_SX679_.jpg,,,,
Les meilleures ventes,"PNY CS900 SSD Interne SATA III, 2.5 Pouces, 1To, Vitesse de Lecture jusqu'à 535MB/s",https://www.amazon.fr/PNY-CS900-Disque-Interne-SATA/dp/B07Y5VDNT9?ref_=Oct_d_obs_d_427941031_5&pd_rd_w=WHkl2&content-id=amzn1.sym.da7c6a23-4363-4450-bc1d-f959e37bb398&pf_rd_p=da7c6a23-4363-4450-bc1d-f959e37bb398&pf_rd_r=BTGHJV9BJ3JQN7WNZPXK&pd_rd_wg=tkNkZ&pd_rd_r=c4a253a9-244d-4038-82cc-ab6b358bce22&pd_rd_i=B07Y5VDNT9,https://m.media-amazon.com/images/I/61cyHqB+KmL._AC_SX679_.jpg,,,,
Les meilleures ventes,"MSI MAG A650BN Bloc d'alimentation, Prise EU - 650W, Certifié 80 Plus Bronze, PSU ATX, Rail Unique 12V, Circuit DC vers DC, Ventilateur 120mm - Garantie 5 Ans",https://www.amazon.fr/MSI-A650BN-Bloc-dalimentation-Prise/dp/B0991TZ399?ref_=Oct_d_obs_d_427941031_6&pd_rd_w=WHkl2&content-id=amzn1.sym.da7c6a23-4363-4450-bc1d-f959e37bb398&pf_rd_p=da7c6a23-4363-4450-bc1d-f959e37bb398&pf_rd_r=BTGHJV9BJ3JQN7WNZPXK&pd_rd_wg=tkNkZ&pd_rd_r=c4a253a9-244d-4038-82cc-ab6b358bce22&pd_rd_i=B0991TZ399,https://m.media-amazon.com/images/I/81eLlIQ5PsL._AC_SX679_.jpg,,,,
Les plus offerts,"Crucial P3 Plus SSD 1To PCIe Gen4 NVMe M.2 SSD Interne, Jusqu’à 5.000 Mo/s, Compatible avec Ordinateur Portable et de Bureau, Disque Dur SSD - CT1000P3PSSD801",https://www.amazon.fr/Crucial-Plus-PCIe-Gen4-interne/dp/B0BYWB6237?ref_=Oct_d_omg_d_427941031_0&pd_rd_w=Dxmkf&content-id=amzn1.sym.dc4e896d-4a93-4e29-9c74-5dc2b87e5e60&pf_rd_p=dc4e896d-4a93-4e29-9c74-5dc2b87e5e60&pf_rd_r=BTGHJV9BJ3JQN7WNZPXK&pd_rd_wg=tkNkZ&pd_rd_r=c4a253a9-244d-4038-82cc-ab6b358bce22&pd_rd_i=B0BYWB6237,https://m.media-amazon.com/images/I/51xZaoS+Q1L._AC_SX679_.jpg,,,48 308,
Les plus offerts,"AMD Ryzen 5 7600X Processeur (Integrated Radeon Graphique Intégré, 6 Coeurs/12 Threads, 105W TDP, Socket AM5, Cache 38MB, jusqu'à 5,3 Ghz Fréquence Boost, Pas de Ventilateur)",https://www.amazon.fr/AMD-7600X-Processeur-Architecture-Fr%C3%A9quence/dp/B0BBJDS62N?ref_=Oct_d_omg_d_427941031_1&pd_rd_w=Dxmkf&content-id=amzn1.sym.dc4e896d-4a93-4e29-9c74-5dc2b87e5e60&pf_rd_p=dc4e896d-4a93-4e29-9c74-5dc2b87e5e60&pf_rd_r=BTGHJV9BJ3JQN7WNZPXK&pd_rd_wg=tkNkZ&pd_rd_r=c4a253a9-244d-4038-82cc-ab6b358bce22&pd_rd_i=B0BBJDS62N,https://m.media-amazon.com/images/I/51m7L9bQI8L._AC_SX679_.jpg,,"202,39 €",13 094,
Les plus offerts,"MSI MAG A650BN Bloc d'alimentation, Prise EU - 650W, Certifié 80 Plus Bronze, PSU ATX, Rail Unique 12V, Circuit DC vers DC, Ventilateur 120mm - Garantie 5 Ans",https://www.amazon.fr/MSI-A650BN-Bloc-dalimentation-Prise/dp/B0991TZ399?ref_=Oct_d_omg_d_427941031_2&pd_rd_w=Dxmkf&content-id=amzn1.sym.dc4e896d-4a93-4e29-9c74-5dc2b87e5e60&pf_rd_p=dc4e896d-4a93-4e29-9c74-5dc2b87e5e60&pf_rd_r=BTGHJV9BJ3JQN7WNZPXK&pd_rd_wg=tkNkZ&pd_rd_r=c4a253a9-244d-4038-82cc-ab6b358bce22&pd_rd_i=B0991TZ399,https://m.media-amazon.com/images/I/81eLlIQ5PsL._AC_SX679_.jpg,,"69,99 €",12 074,
Les plus offerts,"Samsung SSD Interne 990 EVO Plus, NVMe 2.0 PCIe 4.0 x 4 / 5.0x2, 2 To, Vitesse de lecture jusqu'à 7250 Mo/s, Idéal pour le gaming et la bureautique, MZ-V9S2T0BW",https://www.amazon.fr/Samsung-Interne-Vitesse-bureautique-MZ-V9S2T0BW/dp/B0DGHB9V34?ref_=Oct_d_omg_d_427941031_3&pd_rd_w=Dxmkf&content-id=amzn1.sym.dc4e896d-4a93-4e29-9c74-5dc2b87e5e60&pf_rd_p=dc4e896d-4a93-4e29-9c74-5dc2b87e5e60&pf_rd_r=BTGHJV9BJ3JQN7WNZPXK&pd_rd_wg=tkNkZ&pd_rd_r=c4a253a9-244d-4038-82cc-ab6b358bce22&pd_rd_i=B0DGHB9V34,https://m.media-amazon.com/images/I/71OeLBt2mgL._AC_SX679_.jpg,,"204,99 €",14 161,
Les plus offerts,"Crucial P3 Plus SSD 2To PCIe Gen4 NVMe M.2 SSD Interne, Jusqu’à 5.000 Mo/s, Compatible avec Ordinateur Portable et de Bureau, Disque Dur SSD - CT2000P3PSSD801",https://www.amazon.fr/Crucial-Plus-PCIe-Gen4-interne/dp/B0BYW8FLKN?ref_=Oct_d_omg_d_427941031_4&pd_rd_w=Dxmkf&content-id=amzn1.sym.dc4e896d-4a93-4e29-9c74-5dc2b87e5e60&pf_rd_p=dc4e896d-4a93-4e29-9c74-5dc2b87e5e60&pf_rd_r=BTGHJV9BJ3JQN7WNZPXK&pd_rd_wg=tkNkZ&pd_rd_r=c4a253a9-244d-4038-82cc-ab6b358bce22&pd_rd_i=B0BYW8FLKN,https://m.media-amazon.com/images/I/51xZaoS+Q1L._AC_SX679_.jpg,,,,
Les plus offerts,"MSI MAG A750GL PCIE5 Alimentation, 750W, 80 Plus Gold, Entièrement modulaire, ATX 3.0, Support GPU PCIe 5.0, Ventilateur FDB 120mm, Full-Bridge LLC, câbles Plats Noirs - Garantie 7 Ans",https://www.amazon.fr/MSI-Alimentation-Enti%C3%A8rement-Ventilateur-Full-Bridge/dp/B0C3M86HCB?ref_=Oct_d_omg_d_427941031_5&pd_rd_w=Dxmkf&content-id=amzn1.sym.dc4e896d-4a93-4e29-9c74-5dc2b87e5e60&pf_rd_p=dc4e896d-4a93-4e29-9c74-5dc2b87e5e60&pf_rd_r=BTGHJV9BJ3JQN7WNZPXK&pd_rd_wg=tkNkZ&pd_rd_r=c4a253a9-244d-4038-82cc-ab6b358bce22&pd_rd_i=B0C3M86HCB,https://m.media-amazon.com/images/I/71ZdU1FdcOL._AC_SX679_.jpg,,,,
Les plus offerts,"MSI MAG A850GL PCIE5 Alimentation, 850W, 80 Plus Gold, Entièrement modulaire, ATX 3.0, Support GPU PCIe 5.0, Ventilateur FDB 120mm, Full-Bridge LLC, câbles Plats Noirs - Garantie 7 Ans",https://www.amazon.fr/MSI-Alimentation-Enti%C3%A8rement-Ventilateur-Full-Bridge/dp/B0C3MC57D5?ref_=Oct_d_omg_d_427941031_6&pd_rd_w=Dxmkf&content-id=amzn1.sym.dc4e896d-4a93-4e29-9c74-5dc2b87e5e60&pf_rd_p=dc4e896d-4a93-4e29-9c74-5dc2b87e5e60&pf_rd_r=BTGHJV9BJ3JQN7WNZPXK&pd_rd_wg=tkNkZ&pd_rd_r=c4a253a9-244d-4038-82cc-ab6b358bce22&pd_rd_i=B0C3MC57D5,https://m.media-amazon.com/images/I/71axZ3PF7pL._AC_SX679_.jpg,,,,
Les plus offerts,"Crucial Pro RAM DDR5 32Go Kit (2x16Go) 6000MHz CL36, Mémoire Overclocking Gaming, Intel XMP 3.0 / AMD Expo, (PC) Mémoire RAM 32Go DDR5, Noir - CP2K16G60C36U5B",https://www.amazon.fr/Crucial-2x16Go-6000MHz-M%C3%A9moire-Overclocking/dp/B0CTHXMYL8?ref_=Oct_d_omg_d_427941031_7&pd_rd_w=Dxmkf&content-id=amzn1.sym.dc4e896d-4a93-4e29-9c74-5dc2b87e5e60&pf_rd_p=dc4e896d-4a93-4e29-9c74-5dc2b87e5e60&pf_rd_r=BTGHJV9BJ3JQN7WNZPXK&pd_rd_wg=tkNkZ&pd_rd_r=c4a253a9-244d-4038-82cc-ab6b358bce22&pd_rd_i=B0CTHXMYL8,https://m.media-amazon.com/images/I/51EJt5geVEL._AC_SX679_.jpg,,,,
Les plus offerts,CORSAIR VENGEANCE DDR5 32Go (2x16Go) DDR5 6000MHz CL36 AMD EXPO Intel XMP iCUE Mémoire Informatique Compatible - Gris (CMK32GX5M2E6000Z36),https://www.amazon.fr/CORSAIR-dordinateur-compatible-Vengeance-CMK32GX5M2E6000Z36/dp/B0CJ8ZHMVF?ref_=Oct_d_omg_d_427941031_8&pd_rd_w=Dxmkf&content-id=amzn1.sym.dc4e896d-4a93-4e29-9c74-5dc2b87e5e60&pf_rd_p=dc4e896d-4a93-4e29-9c74-5dc2b87e5e60&pf_rd_r=BTGHJV9BJ3JQN7WNZPXK&pd_rd_wg=tkNkZ&pd_rd_r=c4a253a9-244d-4038-82cc-ab6b358bce22&pd_rd_i=B0CJ8ZHMVF,https://m.media-amazon.com/images/I/71tLMVtcsfL._AC_SX679_.jpg,,,,
Les plus offerts,"Kingston A400 SSD SSD Interne 2.5"" SATA Rev 3.0, 960GB - SA400S37/960G",https://www.amazon.fr/Kingston-SSD-A400-960GB-Disque-SATA/dp/B079XC5PVV?ref_=Oct_d_omg_d_427941031_9&pd_rd_w=Dxmkf&content-id=amzn1.sym.dc4e896d-4a93-4e29-9c74-5dc2b87e5e60&pf_rd_p=dc4e896d-4a93-4e29-9c74-5dc2b87e5e60&pf_rd_r=BTGHJV9BJ3JQN7WNZPXK&pd_rd_wg=tkNkZ&pd_rd_r=c4a253a9-244d-4038-82cc-ab6b358bce22&pd_rd_i=B079XC5PVV,https://m.media-amazon.com/images/I/81+9rUcRVTL._AC_SX679_.jpg,,,,
Les plus offerts,"Samsung SSD 990 Pro NVMe M.2 Pcle 4.0, SSD Interne, Capacité 2 To, Vitesse de lecture jusqu'à 7 450 Mo/s, Gestion Intelligente de la Chaleur avec Revêtement en Nickel, MZ-V9P2T0BW",https://www.amazon.fr/Samsung-MZ-V9P2T0BW-Contr%C3%B4le-Thermique-Intelligent/dp/B0B9C4DKKG?ref_=Oct_d_omg_d_427941031_10&pd_rd_w=Dxmkf&content-id=amzn1.sym.dc4e896d-4a93-4e29-9c74-5dc2b87e5e60&pf_rd_p=dc4e896d-4a93-4e29-9c74-5dc2b87e5e60&pf_rd_r=BTGHJV9BJ3JQN7WNZPXK&pd_rd_wg=tkNkZ&pd_rd_r=c4a253a9-244d-4038-82cc-ab6b358bce22&pd_rd_i=B0B9C4DKKG,https://m.media-amazon.com/images/I/71ByVZ1x2vL._AC_SX679_.jpg,,,,
Vos recommandations,"ARCTIC MX-4 (4 g) - Pâte thermique de haute performance pour tous les processeurs (CPU, GPU - PC, PS4, XBOX), conductivité thermique très élevée, longue durée de vie, application sûre, non-conductrice",https://www.amazon.fr/ARCTIC-MX-4-2019-Refroidisseur-Dissipateur/dp/B07L9BDY3T?ref_=Oct_d_orecs_d_427941031_0&pd_rd_w=0J8q7&content-id=amzn1.sym.7cbdc8bd-517e-40af-8cf6-d59131f19899&pf_rd_p=7cbdc8bd-517e-40af-8cf6-d59131f19899&pf_rd_r=BTGHJV9BJ3JQN7WNZPXK&pd_rd_wg=tkNkZ&pd_rd_r=c4a253a9-244d-4038-82cc-ab6b358bce22&pd_rd_i=B07L9BDY3T,https://m.media-amazon.com/images/I/51fVtU+cDIL._AC_SX679_.jpg,,,93 970,
Vos recommandations,"Crucial P3 Plus SSD 500Go PCIe Gen4 NVMe M.2 SSD Interne, Jusqu’à 4.700Mo/s, Compatible avec Ordinateur Portable et de Bureau, Disque Dur SSD - CT500P3PSSD8",https://www.amazon.fr/Crucial-Plus-500Go-CT500P3PSSD8-Jusqu%C3%A0/dp/B0B25NTRGD?ref_=Oct_d_orecs_d_427941031_1&pd_rd_w=0J8q7&content-id=amzn1.sym.7cbdc8bd-517e-40af-8cf6-d59131f19899&pf_rd_p=7cbdc8bd-517e-40af-8cf6-d59131f19899&pf_rd_r=BTGHJV9BJ3JQN7WNZPXK&pd_rd_wg=tkNkZ&pd_rd_r=c4a253a9-244d-4038-82cc-ab6b358bce22&pd_rd_i=B0B25NTRGD,https://m.media-amazon.com/images/I/51pMg25AthL._AC_SX679_.jpg,,"39,76 €",48 308,
Vos recommandations,"PNY CS900 SSD Interne SATA III, 2.5 Pouces, 1To, Vitesse de Lecture jusqu'à 535MB/s",https://www.amazon.fr/PNY-CS900-Disque-Interne-SATA/dp/B07Y5VDNT9?ref_=Oct_d_orecs_d_427941031_2&pd_rd_w=0J8q7&content-id=amzn1.sym.7cbdc8bd-517e-40af-8cf6-d59131f19899&pf_rd_p=7cbdc8bd-517e-40af-8cf6-d59131f19899&pf_rd_r=BTGHJV9BJ3JQN7WNZPXK&pd_rd_wg=tkNkZ&pd_rd_r=c4a253a9-244d-4038-82cc-ab6b358bce22&pd_rd_i=B07Y5VDNT9,https://m.media-amazon.com/images/I/61cyHqB+KmL._AC_SX679_.jpg,,,27 310,
Vos recommandations,CORSAIR VENGEANCE RGB DDR5 32Go (2x16Go) DDR5 6000MHz CL30 AMD EXPO Intel XMP iCUE Mémoire Informatique Compatible - Gris (CMH32GX5M2B6000Z30K),https://www.amazon.fr/CORSAIR-VENGEANCE-6000MHz-Compatible-dOrdinateur/dp/B0BPTKD797?ref_=Oct_d_orecs_d_427941031_3&pd_rd_w=0J8q7&content-id=amzn1.sym.7cbdc8bd-517e-40af-8cf6-d59131f19899&pf_rd_p=7cbdc8bd-517e-40af-8cf6-d59131f19899&pf_rd_r=BTGHJV9BJ3JQN7WNZPXK&pd_rd_wg=tkNkZ&pd_rd_r=c4a253a9-244d-4038-82cc-ab6b358bce22&pd_rd_i=B0BPTKD797,https://m.media-amazon.com/images/I/61sAYwWRo+L._AC_SX679_.jpg,,"175,03 €",3 073,
Vos recommandations,"Samsung SSD Externe T7 2 To, Gris titane, MU-PC2T0T/WW, Vitesse de lecture/écriture jusqu'à 1050 Mo/s, Sécurisation par mot de passe",https://www.amazon.fr/Samsung-MU-PC2T0T-WW-externe-portable/dp/B087DFFJRD?ref_=Oct_d_orecs_d_427941031_4&pd_rd_w=0J8q7&content-id=amzn1.sym.7cbdc8bd-517e-40af-8cf6-d59131f19899&pf_rd_p=7cbdc8bd-517e-40af-8cf6-d59131f19899&pf_rd_r=BTGHJV9BJ3JQN7WNZPXK&pd_rd_wg=tkNkZ&pd_rd_r=c4a253a9-244d-4038-82cc-ab6b358bce22&pd_rd_i=B087DFFJRD,https://m.media-amazon.com/images/I/71qjKjVpV1L._AC_SX679_.jpg,,,,
Vos recommandations,"Toshiba Canvio Partner 2TB Portable 2.5' External Hard Drive, USB 3.2, Compatible Mac & Windows. Xbox, PS4, PS5 (HDTB520EK3AB)",https://www.amazon.fr/Toshiba-Portable-External-Compatible-HDTB520EK3AB/dp/B0BGXZRKQN?ref_=Oct_d_orecs_d_427941031_5&pd_rd_w=0J8q7&content-id=amzn1.sym.7cbdc8bd-517e-40af-8cf6-d59131f19899&pf_rd_p=7cbdc8bd-517e-40af-8cf6-d59131f19899&pf_rd_r=BTGHJV9BJ3JQN7WNZPXK&pd_rd_wg=tkNkZ&pd_rd_r=c4a253a9-244d-4038-82cc-ab6b358bce22&pd_rd_i=B0BGXZRKQN,https://m.media-amazon.com/images/I/81hXbJ819UL._AC_SX679_.jpg,,,,
Vos recommandations,"SanDisk Extreme Disque SSD Externe 2 To (Portable NVMe SSD, jusqu'à 1050 Mo/s en lecture, 1000 Mo/s en écriture, USB-C, Résistance à la poussière et à l'eau classée IP65, Mousqueton pratique) Noir",https://www.amazon.fr/SanDisk-Extreme-d%C3%A9criture-r%C3%A9sistant-poussi%C3%A8re/dp/B08HN37XC1?ref_=Oct_d_orecs_d_427941031_6&pd_rd_w=0J8q7&content-id=amzn1.sym.7cbdc8bd-517e-40af-8cf6-d59131f19899&pf_rd_p=7cbdc8bd-517e-40af-8cf6-d59131f19899&pf_rd_r=BTGHJV9BJ3JQN7WNZPXK&pd_rd_wg=tkNkZ&pd_rd_r=c4a253a9-244d-4038-82cc-ab6b358bce22&pd_rd_i=B08HN37XC1,https://m.media-amazon.com/images/I/717QYwBEEIL._AC_SX679_.jpg,,,,
Les plus demandés,"AMD RYZEN ™ 7 9800X3D 8 Coeurs/16 Threads débridés, Architecture Zen 5, 104 Mo Cache, 120W TDP, Jusqu'a 5.2 Ghz Frequence Boost, Socket AM5, Ventilateur Non Inclus",https://www.amazon.fr/AMD-TM-9800X3D-Architecture-Ventilateur/dp/B0DKFMSMYK?ref_=Oct_d_omwf_d_427941031_0&pd_rd_w=uY3ow&content-id=amzn1.sym.55c529dc-13a0-4509-9f6e-2cda5b0dec64&pf_rd_p=55c529dc-13a0-4509-9f6e-2cda5b0dec64&pf_rd_r=BTGHJV9BJ3JQN7WNZPXK&pd_rd_wg=tkNkZ&pd_rd_r=c4a253a9-244d-4038-82cc-ab6b358bce22&pd_rd_i=B0DKFMSMYK,https://m.media-amazon.com/images/I/71aHvYUgX1L._AC_SX679_.jpg,,"529,00 €",1 765,
Les plus demandés,"Toshiba Canvio Partner 1TB Portable 2.5' External Hard Drive, USB 3.2, Compatible Mac & Windows. Xbox, PS4, PS5 (HDTB510EK3AB)",https://www.amazon.fr/Toshiba-Portable-External-Compatible-HDTB510EK3AB/dp/B0BGXWT3GL?ref_=Oct_d_omwf_d_427941031_1&pd_rd_w=uY3ow&content-id=amzn1.sym.55c529dc-13a0-4509-9f6e-2cda5b0dec64&pf_rd_p=55c529dc-13a0-4509-9f6e-2cda5b0dec64&pf_rd_r=BTGHJV9BJ3JQN7WNZPXK&pd_rd_wg=tkNkZ&pd_rd_r=c4a253a9-244d-4038-82cc-ab6b358bce22&pd_rd_i=B0BGXWT3GL,https://m.media-amazon.com/images/I/81rTu4wYD+L._AC_SX679_.jpg,,"70,71 €",21 581,
Les plus demandés,"Samsung SSD Interne 990 EVO Plus, NVMe 2.0 PCIe 4.0 x 4 / 5.0x2, 1 To, Vitesse de lecture jusqu'à 7250 Mo/s, Idéal pour le gaming et la bureautique, MZ-V9S1T0BW",https://www.amazon.fr/Samsung-Interne-Vitesse-bureautique-MZ-V9S1T0BW/dp/B0DGH2FH7T?ref_=Oct_d_omwf_d_427941031_2&pd_rd_w=uY3ow&content-id=amzn1.sym.55c529dc-13a0-4509-9f6e-2cda5b0dec64&pf_rd_p=55c529dc-13a0-4509-9f6e-2cda5b0dec64&pf_rd_r=BTGHJV9BJ3JQN7WNZPXK&pd_rd_wg=tkNkZ&pd_rd_r=c4a253a9-244d-4038-82cc-ab6b358bce22&pd_rd_i=B0DGH2FH7T,https://m.media-amazon.com/images/I/71mcrja3g9L._AC_SX679_.jpg,,"83,99 €",14 161,
Les plus demandés,"SanDisk Extreme Disque SSD Externe 1 To (Portable NVMe SSD, jusqu'à 1050 Mo/s en lecture, 1000 Mo/s en écriture, USB-C, Résistance à la poussière et à l'eau classée IP65, Mousqueton pratique) Noir",https://www.amazon.fr/SanDisk-Extreme-d%C3%A9criture-r%C3%A9sistant-poussi%C3%A8re/dp/B08GTYFC37?ref_=Oct_d_omwf_d_427941031_3&pd_rd_w=uY3ow&content-id=amzn1.sym.55c529dc-13a0-4509-9f6e-2cda5b0dec64&pf_rd_p=55c529dc-13a0-4509-9f6e-2cda5b0dec64&pf_rd_r=BTGHJV9BJ3JQN7WNZPXK&pd_rd_wg=tkNkZ&pd_rd_r=c4a253a9-244d-4038-82cc-ab6b358bce22&pd_rd_i=B08GTYFC37,https://m.media-amazon.com/images/I/717QYwBEEIL._AC_SX679_.jpg,,,93 637,
Les plus demandés,"WD_BLACK SN850P 2 To PS5 SSD, Disque SSD interne, Carte d'extension PS5, Officielle pour Playstation 5 et PS5 Consoles, lecture jusqu'à 7300 Mo/s, M.2 2280 PCIe NVMe, avec dissipateur Thermique,",https://www.amazon.fr/Officielle-Playstation-Technologie-dissipateur-Thermique/dp/B0C47ZX1WB?ref_=Oct_d_omwf_d_427941031_4&pd_rd_w=uY3ow&content-id=amzn1.sym.55c529dc-13a0-4509-9f6e-2cda5b0dec64&pf_rd_p=55c529dc-13a0-4509-9f6e-2cda5b0dec64&pf_rd_r=BTGHJV9BJ3JQN7WNZPXK&pd_rd_wg=tkNkZ&pd_rd_r=c4a253a9-244d-4038-82cc-ab6b358bce22&pd_rd_i=B0C47ZX1WB,https://m.media-amazon.com/images/I/71OER8rEh8L._AC_SX679_.jpg,,,,
Les plus demandés,"WD 2 To Elements disque dur portable externe, USB 3.0, Plug-and- play, formaté pour Windows, Noir",https://www.amazon.fr/Elements-Disque-Portable-Externe-Noir/dp/B06W55K9N6?ref_=Oct_d_omwf_d_427941031_5&pd_rd_w=uY3ow&content-id=amzn1.sym.55c529dc-13a0-4509-9f6e-2cda5b0dec64&pf_rd_p=55c529dc-13a0-4509-9f6e-2cda5b0dec64&pf_rd_r=BTGHJV9BJ3JQN7WNZPXK&pd_rd_wg=tkNkZ&pd_rd_r=c4a253a9-244d-4038-82cc-ab6b358bce22&pd_rd_i=B06W55K9N6,https://m.media-amazon.com/images/I/91mlqrT75WL._AC_SX679_.jpg,,,,
Les plus demandés,"Samsung SSD 990 Pro NVMe M.2 Pcle 4.0, SSD Interne, Capacité 4 To, Vitesse de lecture jusqu'à 7 450 Mo/s, Gestion Intelligente de la Chaleur avec Revêtement en Nickel, MZ-V9P4T0BW",https://www.amazon.fr/Samsung-Capacit%C3%A9-Intelligente-Rev%C3%AAtement-MZ-V9P4T0BW/dp/B0CBYZ6DD1?ref_=Oct_d_omwf_d_427941031_6&pd_rd_w=uY3ow&content-id=amzn1.sym.55c529dc-13a0-4509-9f6e-2cda5b0dec64&pf_rd_p=55c529dc-13a0-4509-9f6e-2cda5b0dec64&pf_rd_r=BTGHJV9BJ3JQN7WNZPXK&pd_rd_wg=tkNkZ&pd_rd_r=c4a253a9-244d-4038-82cc-ab6b358bce22&pd_rd_i=B0CBYZ6DD1,https://m.media-amazon.com/images/I/71bZjd2aQJL._AC_SX679_.jpg,,,,
Les plus demandés,"CORSAIR Nautilus 360 RS ARGB Refroidisseur Liquide pour CPU – 360mm AIO – Faible Bruit – Connexion Directe de Carte Mère – Intel LGA 1851/1700, AMD AM5/AM4 – 3X RS120 ARGB Ventilateurs Inclus – Noir",https://www.amazon.fr/CORSAIR-Nautilus-ARGB-Refroidisseur-Liquide/dp/B0DF7C4YPQ?ref_=Oct_d_omwf_d_427941031_7&pd_rd_w=uY3ow&content-id=amzn1.sym.55c529dc-13a0-4509-9f6e-2cda5b0dec64&pf_rd_p=55c529dc-13a0-4509-9f6e-2cda5b0dec64&pf_rd_r=BTGHJV9BJ3JQN7WNZPXK&pd_rd_wg=tkNkZ&pd_rd_r=c4a253a9-244d-4038-82cc-ab6b358bce22&pd_rd_i=B0DF7C4YPQ,https://m.media-amazon.com/images/I/71rD5Q7LtLL._AC_SX679_.jpg,,,,
Les plus demandés,"MSI B650 GAMING PLUS WIFI Carte mère, ATX - Pour processeurs AMD Ryzen 9000, 8000 & 7000, AM5 - VRM double rail 14+2 phases, DDR5 6400+MHz/OC, 2 x PCIe 4.0 x16, 2 x M.2 Gen4, Wi-Fi 6E",https://www.amazon.fr/MSI-B650-Gaming-Plus-WiFi/dp/B0C3R2TXHJ?ref_=Oct_d_omwf_d_427941031_8&pd_rd_w=uY3ow&content-id=amzn1.sym.55c529dc-13a0-4509-9f6e-2cda5b0dec64&pf_rd_p=55c529dc-13a0-4509-9f6e-2cda5b0dec64&pf_rd_r=BTGHJV9BJ3JQN7WNZPXK&pd_rd_wg=tkNkZ&pd_rd_r=c4a253a9-244d-4038-82cc-ab6b358bce22&pd_rd_i=B0C3R2TXHJ,https://m.media-amazon.com/images/I/81LcEW6JabL._AC_SX679_.jpg,,,,
Les plus demandés,"AMD Ryzen 7 9700X Processeur (8 Coeurs/16 Threads), 65W DTP, Socket AM5, Cache 40Mo, jusqu'à 5.5 GHz Fréquence Boost, Pas de Ventilateur",https://www.amazon.fr/AMD-9700X-Processeur-Architecture-Fr%C3%A9quence/dp/B0D6NMDNNX?ref_=Oct_d_omwf_d_427941031_9&pd_rd_w=uY3ow&content-id=amzn1.sym.55c529dc-13a0-4509-9f6e-2cda5b0dec64&pf_rd_p=55c529dc-13a0-4509-9f6e-2cda5b0dec64&pf_rd_r=BTGHJV9BJ3JQN7WNZPXK&pd_rd_wg=tkNkZ&pd_rd_r=c4a253a9-244d-4038-82cc-ab6b358bce22&pd_rd_i=B0D6NMDNNX,https://m.media-amazon.com/images/I/61F3ZChalyL._AC_SX679_.jpg,,,,
